Feature_Kmer,Frequency,Class_Label
CGA,11179,Disease
GAG,11223,Disease
AGC,11166,Disease
GCT,10927,Disease
CTG,10856,Disease
TGG,10875,Disease
GGG,16191,Disease
GGT,10840,Disease
GTT,7393,Disease
TTA,5083,Disease
TAT,5198,Disease
ATC,7415,Disease
TCA,7470,Disease
CAT,7515,Disease
TCT,7548,Disease
CTC,10937,Disease
TCC,10977,Disease
CCC,16177,Disease
CCG,16263,Disease
CGG,16078,Disease
GGC,16104,Disease
GCA,11072,Disease
CAG,11225,Disease
TCG,10896,Disease
CGT,10836,Disease
GTA,7473,Disease
TAC,7581,Disease
ACT,7446,Disease
GAC,10906,Disease
ACC,11049,Disease
CCA,10986,Disease
ATT,5234,Disease
TTC,7589,Disease
GAT,7438,Disease
AGG,10875,Disease
GCG,16165,Disease
GAA,7528,Disease
AAG,7313,Disease
AGT,7644,Disease
TTT,5226,Disease
TTG,7474,Disease
TGC,10935,Disease
CGC,16211,Disease
GCC,16227,Disease
TAA,4974,Disease
AAC,7472,Disease
ACA,7533,Disease
CAC,11057,Disease
ACG,10989,Disease
GTG,10864,Disease
GGA,10935,Disease
AAA,5104,Disease
AAT,5033,Disease
ATG,7378,Disease
GTC,10943,Disease
CTT,7544,Disease
CAA,7316,Disease
CCT,11034,Disease
CTA,7594,Disease
TAG,7524,Disease
TGA,7409,Disease
AGA,7578,Disease
ATA,5142,Disease
TGT,7370,Disease
